id,name
1,new simple tag
4,new tag 777
5,new tag
6,jewelry
7,rings
8,bracers
9,necklaces
10,dairy products
11,auto gadgets
12,bra
13,underwaer
14,lingerie
15,books
16,toys
17,stationery set
18,weight
19,sportswear
20,bob
21,sport shoe
22,uncle bob
23,auto cosmetics
24,CD
25,DVD
26,USB flash card
27,watches
28,uncle bob new
38,gkjhklkl
39,JPA tag
50,jpa new tag
51,jpa new tag 3
52,silver
53,bronze
54,jpa new tag new
55,jpa new tag 5
56,jpa new tag 6
66,jpa new tag 8
68,jpa new tag 10
69,jpa new tag 11
70,jpa new tag 20
71,JPA tag 33
72,JPA tag 34
73,JPA tag 35
75,JPA tag 75
77,JPA tag 76
80,Jewelery
81,Kids
82,Health
83,Movies
84,Grocery
85,Clothing
86,Beauty
90,Garden 90
91,Computers 91
92,Electronics 92
93,Jewelery 93
94,Beauty 94
95,Tools 95
96,Electronics 96
97,Toys 97
98,Jewelery 98
99,Music 99
100,Toys 100
101,Games 101
102,Automotive 102
103,Music 103
104,Home 104
105,Movies 105
106,Kids 106
107,Games 107
108,Books 108
109,Beauty 109
110,Baby 110
111,Jewelery 111
112,Industrial 112
113,Music 113
114,Music 114
115,Shoes 115
116,Books 116
117,Books 117
118,Home 118
119,Books 119
120,Baby 120
121,Toys 121
122,Kids 122
123,Clothing 123
124,Toys 124
125,Kids 125
126,Tools 126
127,Tools 127
128,Garden 128
129,Shoes 129
130,Tools 130
131,Clothing 131
132,Movies 132
133,Shoes 133
134,Books 134
135,Industrial 135
136,Industrial 136
137,Kids 137
138,Industrial 138
139,Books 139
140,Kids 140
141,Books 141
142,Automotive 142
143,Computers 143
144,Industrial 144
145,Industrial 145
146,Home 146
147,Garden 147
148,Music 148
149,Books 149
150,Outdoors 150
151,Baby 151
152,Games 152
153,Electronics 153
154,Movies 154
155,Games 155
156,Jewelery 156
157,Outdoors 157
158,Grocery 158
159,Music 159
160,Toys 160
161,Games 161
162,Health 162
163,Garden 163
164,Books 164
165,Computers 165
166,Health 166
167,Home 167
168,Games 168
169,Games 169
170,Music 170
171,Music 171
172,Outdoors 172
173,Health 173
174,Industrial 174
175,Industrial 175
176,Toys 176
177,Health 177
178,Garden 178
179,Games 179
180,Tools 180
181,Baby 181
182,Grocery 182
183,Jewelery 183
184,Health 184
185,Grocery 185
186,Beauty 186
187,Computers 187
188,Health 188
189,Jewelery 189
190,Shoes 190
191,Sports 191
192,Electronics 192
193,Clothing 193
194,Industrial 194
195,Baby 195
196,Garden 196
197,Sports 197
198,Electronics 198
199,Grocery 199
200,Garden 200
201,Tools 201
202,Books 202
203,Kids 203
204,Movies 204
205,Music 205
206,Grocery 206
207,Industrial 207
208,Garden 208
209,Outdoors 209
210,Computers 210
211,Shoes 211
212,Outdoors 212
213,Books 213
214,Clothing 214
215,Home 215
216,Beauty 216
217,Baby 217
218,Electronics 218
219,Baby 219
220,Grocery 220
221,Garden 221
222,Jewelery 222
223,Games 223
224,Electronics 224
225,Outdoors 225
226,Toys 226
227,Electronics 227
228,Beauty 228
229,Computers 229
230,Shoes 230
231,Electronics 231
232,Music 232
233,Grocery 233
234,Baby 234
235,Jewelery 235
236,Baby 236
237,Industrial 237
238,Electronics 238
239,Shoes 239
240,Jewelery 240
241,Electronics 241
242,Games 242
243,Industrial 243
244,Music 244
245,Clothing 245
246,Shoes 246
247,Health 247
248,Garden 248
249,Automotive 249
250,Movies 250
251,Health 251
252,Outdoors 252
253,Automotive 253
254,Beauty 254
255,Grocery 255
256,Grocery 256
257,Kids 257
258,Tools 258
259,Home 259
260,Movies 260
261,Toys 261
262,Books 262
263,Clothing 263
264,Electronics 264
265,Games 265
266,Shoes 266
267,Industrial 267
268,Shoes 268
269,Jewelery 269
270,Grocery 270
271,Home 271
272,Outdoors 272
273,Clothing 273
274,Books 274
275,Sports 275
276,Home 276
277,Music 277
278,Computers 278
279,Books 279
280,Home 280
281,Games 281
282,Baby 282
283,Tools 283
284,Industrial 284
285,Grocery 285
286,Computers 286
287,Beauty 287
288,Kids 288
289,Outdoors 289
290,Games 290
291,Health 291
292,Toys 292
293,Garden 293
294,Automotive 294
295,Movies 295
296,Garden 296
297,Shoes 297
298,Computers 298
299,Kids 299
300,Jewelery 300
301,Sports 301
302,Clothing 302
303,Movies 303
304,Shoes 304
305,Music 305
306,Tools 306
307,Kids 307
308,Shoes 308
309,Baby 309
310,Baby 310
311,Automotive 311
312,Health 312
313,Baby 313
314,Books 314
315,Health 315
316,Home 316
317,Books 317
318,Kids 318
319,Music 319
320,Health 320
321,Sports 321
322,Baby 322
323,Sports 323
324,Outdoors 324
325,Jewelery 325
326,Garden 326
327,Clothing 327
328,Health 328
329,Games 329
330,Tools 330
331,Grocery 331
332,Jewelery 332
333,Electronics 333
334,Automotive 334
335,Music 335
336,Home 336
337,Movies 337
338,Sports 338
339,Tools 339
340,Sports 340
341,Sports 341
342,Garden 342
343,Outdoors 343
344,Sports 344
345,Shoes 345
346,Outdoors 346
347,Grocery 347
348,Industrial 348
349,Books 349
350,Home 350
351,Shoes 351
352,Baby 352
353,Beauty 353
354,Shoes 354
355,Books 355
356,Computers 356
357,Shoes 357
358,Beauty 358
359,Books 359
360,Automotive 360
361,Garden 361
362,Home 362
363,Shoes 363
364,Sports 364
365,Games 365
366,Outdoors 366
367,Toys 367
368,Computers 368
369,Sports 369
370,Jewelery 370
371,Books 371
372,Jewelery 372
373,Tools 373
374,Health 374
375,Tools 375
376,Baby 376
377,Tools 377
378,Garden 378
379,Toys 379
380,Shoes 380
381,Tools 381
382,Clothing 382
383,Tools 383
384,Shoes 384
385,Jewelery 385
386,Movies 386
387,Games 387
388,Kids 388
389,Games 389
390,Baby 390
391,Baby 391
392,Grocery 392
393,Automotive 393
394,Sports 394
395,Beauty 395
396,Beauty 396
397,Outdoors 397
398,Shoes 398
399,Baby 399
400,Games 400
401,Movies 401
402,Automotive 402
403,Sports 403
404,Grocery 404
405,Toys 405
406,Toys 406
407,Health 407
408,Electronics 408
409,Movies 409
410,Grocery 410
411,Industrial 411
412,Tools 412
413,Baby 413
414,Books 414
415,Industrial 415
416,Clothing 416
417,Health 417
418,Games 418
419,Games 419
420,Health 420
421,Books 421
422,Health 422
423,Kids 423
424,Kids 424
425,Tools 425
426,Automotive 426
427,Grocery 427
428,Clothing 428
429,Music 429
430,Games 430
431,Sports 431
432,Beauty 432
433,Computers 433
434,Electronics 434
435,Shoes 435
436,Garden 436
437,Sports 437
438,Tools 438
439,Clothing 439
440,Grocery 440
441,Home 441
442,Music 442
443,Sports 443
444,Toys 444
445,Books 445
446,Computers 446
447,Kids 447
448,Games 448
449,Beauty 449
450,Jewelery 450
451,Garden 451
452,Movies 452
453,Tools 453
454,Clothing 454
455,Garden 455
456,Grocery 456
457,Games 457
458,Home 458
459,Grocery 459
460,Computers 460
461,Health 461
462,Games 462
463,Jewelery 463
464,Health 464
465,Health 465
466,Beauty 466
467,Sports 467
468,Grocery 468
469,Kids 469
470,Grocery 470
471,Clothing 471
472,Garden 472
473,Industrial 473
474,Garden 474
475,Home 475
476,Home 476
477,Jewelery 477
478,Books 478
479,Music 479
480,Toys 480
481,Beauty 481
482,Movies 482
483,Computers 483
484,Jewelery 484
485,Grocery 485
486,Home 486
487,Home 487
488,Health 488
489,Toys 489
490,Jewelery 490
491,Sports 491
492,Grocery 492
493,Baby 493
494,Jewelery 494
495,Tools 495
496,Shoes 496
497,Games 497
498,Books 498
499,Books 499
500,Garden 500
501,Sports 501
502,Kids 502
503,Health 503
504,Clothing 504
505,Home 505
506,Music 506
507,Toys 507
508,Toys 508
509,Jewelery 509
510,Kids 510
511,Industrial 511
512,Electronics 512
513,Clothing 513
514,Books 514
515,Garden 515
516,Baby 516
517,Home 517
518,Beauty 518
519,Health 519
520,Health 520
521,Tools 521
522,Jewelery 522
523,Books 523
524,Music 524
525,Grocery 525
526,Electronics 526
527,Computers 527
528,Toys 528
529,Grocery 529
530,Electronics 530
531,Grocery 531
532,Shoes 532
533,Sports 533
534,Baby 534
535,Health 535
536,Automotive 536
537,Clothing 537
538,Health 538
539,Books 539
540,Movies 540
541,Outdoors 541
542,Toys 542
543,Clothing 543
544,Tools 544
545,Games 545
546,Industrial 546
547,Music 547
548,Baby 548
549,Music 549
550,Garden 550
551,Toys 551
552,Clothing 552
553,Tools 553
554,Home 554
555,Tools 555
556,Garden 556
557,Jewelery 557
558,Industrial 558
559,Electronics 559
560,Tools 560
561,Games 561
562,Computers 562
563,Garden 563
564,Electronics 564
565,Toys 565
566,Baby 566
567,Shoes 567
568,Industrial 568
569,Kids 569
570,Sports 570
571,Clothing 571
572,Health 572
573,Garden 573
574,Health 574
575,Industrial 575
576,Sports 576
577,Outdoors 577
578,Music 578
579,Home 579
580,Beauty 580
581,Outdoors 581
582,Sports 582
583,Baby 583
584,Toys 584
585,Music 585
586,Health 586
587,Computers 587
588,Computers 588
589,Tools 589
590,Kids 590
591,Outdoors 591
592,Clothing 592
593,Grocery 593
594,Music 594
595,Electronics 595
596,Computers 596
597,Electronics 597
598,Baby 598
599,Sports 599
600,Industrial 600
601,Beauty 601
602,Music 602
603,Clothing 603
604,Automotive 604
605,Tools 605
606,Movies 606
607,Computers 607
608,Sports 608
609,Health 609
610,Music 610
611,Kids 611
612,Games 612
613,Kids 613
614,Home 614
615,Automotive 615
616,Garden 616
617,Industrial 617
618,Automotive 618
619,Health 619
620,Electronics 620
621,Outdoors 621
622,Music 622
623,Kids 623
624,Beauty 624
625,Games 625
626,Sports 626
627,Home 627
628,Outdoors 628
629,Books 629
630,Kids 630
631,Garden 631
632,Clothing 632
633,Industrial 633
634,Toys 634
635,Electronics 635
636,Grocery 636
637,Garden 637
638,Music 638
639,Shoes 639
640,Automotive 640
641,Sports 641
642,Sports 642
643,Tools 643
644,Tools 644
645,Garden 645
646,Shoes 646
647,Computers 647
648,Jewelery 648
649,Automotive 649
650,Baby 650
651,Baby 651
652,Sports 652
653,Shoes 653
654,Shoes 654
655,Shoes 655
656,Kids 656
657,Home 657
658,Automotive 658
659,Sports 659
660,Tools 660
661,Outdoors 661
662,Movies 662
663,Automotive 663
664,Home 664
665,Health 665
666,Movies 666
667,Movies 667
668,Toys 668
669,Music 669
670,Outdoors 670
671,Outdoors 671
672,Books 672
673,Health 673
674,Health 674
675,Books 675
676,Electronics 676
677,Grocery 677
678,Health 678
679,Books 679
680,Home 680
681,Jewelery 681
682,Outdoors 682
683,Grocery 683
684,Games 684
685,Clothing 685
686,Toys 686
687,Baby 687
688,Tools 688
689,Books 689
690,Music 690
691,Jewelery 691
692,Grocery 692
693,Automotive 693
694,Sports 694
695,Home 695
696,Shoes 696
697,Games 697
698,Jewelery 698
699,Automotive 699
700,Games 700
701,Industrial 701
702,Games 702
703,Games 703
704,Health 704
705,Electronics 705
706,Music 706
707,Games 707
708,Sports 708
709,Movies 709
710,Computers 710
711,Shoes 711
712,Movies 712
713,Tools 713
714,Garden 714
715,Clothing 715
716,Toys 716
717,Music 717
718,Music 718
719,Games 719
720,Jewelery 720
721,Industrial 721
722,Music 722
723,Shoes 723
724,Health 724
725,Garden 725
726,Automotive 726
727,Outdoors 727
728,Industrial 728
729,Music 729
730,Sports 730
731,Clothing 731
732,Automotive 732
733,Computers 733
734,Health 734
735,Industrial 735
736,Sports 736
737,Kids 737
738,Computers 738
739,Music 739
740,Industrial 740
741,Outdoors 741
742,Clothing 742
743,Games 743
744,Music 744
745,Beauty 745
746,Clothing 746
747,Baby 747
748,Shoes 748
749,Jewelery 749
750,Garden 750
751,Beauty 751
752,Toys 752
753,Tools 753
754,Jewelery 754
755,Garden 755
756,Tools 756
757,Clothing 757
758,Automotive 758
759,Beauty 759
760,Books 760
761,Baby 761
762,Automotive 762
763,Sports 763
764,Baby 764
765,Health 765
766,Garden 766
767,Jewelery 767
768,Health 768
769,Garden 769
770,Industrial 770
771,Beauty 771
772,Outdoors 772
773,Games 773
774,Music 774
775,Home 775
776,Tools 776
777,Games 777
778,Shoes 778
779,Electronics 779
780,Baby 780
781,Jewelery 781
782,Baby 782
783,Health 783
784,Toys 784
785,Kids 785
786,Games 786
787,Toys 787
788,Jewelery 788
789,Electronics 789
790,Clothing 790
791,Automotive 791
792,Computers 792
793,Outdoors 793
794,Automotive 794
795,Books 795
796,Games 796
797,Outdoors 797
798,Books 798
799,Toys 799
800,Jewelery 800
801,Music 801
802,Baby 802
803,Games 803
804,Movies 804
805,Music 805
806,Tools 806
807,Games 807
808,Garden 808
809,Home 809
810,Jewelery 810
811,Computers 811
812,Toys 812
813,Baby 813
814,Outdoors 814
815,Clothing 815
816,Clothing 816
817,Shoes 817
818,Outdoors 818
819,Games 819
820,Books 820
821,Outdoors 821
822,Grocery 822
823,Beauty 823
824,Grocery 824
825,Sports 825
826,Movies 826
827,Grocery 827
828,Jewelery 828
829,Music 829
830,Books 830
831,Grocery 831
832,Beauty 832
833,Home 833
834,Health 834
835,Shoes 835
836,Health 836
837,Books 837
838,Sports 838
839,Industrial 839
840,Industrial 840
841,Games 841
842,Shoes 842
843,Books 843
844,Books 844
845,Shoes 845
846,Automotive 846
847,Books 847
848,Grocery 848
849,Outdoors 849
850,Kids 850
851,Music 851
852,Home 852
853,Outdoors 853
854,Movies 854
855,Games 855
856,Baby 856
857,Garden 857
858,Home 858
859,Books 859
860,Sports 860
861,Books 861
862,Toys 862
863,Beauty 863
864,Electronics 864
865,Clothing 865
866,Computers 866
867,Industrial 867
868,Books 868
869,Automotive 869
870,Outdoors 870
871,Clothing 871
872,Electronics 872
873,Outdoors 873
874,Health 874
875,Industrial 875
876,Outdoors 876
877,Sports 877
878,Movies 878
879,Electronics 879
880,Jewelery 880
881,Industrial 881
882,Toys 882
883,Shoes 883
884,Jewelery 884
885,Automotive 885
886,Shoes 886
887,Industrial 887
888,Outdoors 888
889,Automotive 889
890,Books 890
891,Books 891
892,Computers 892
893,Toys 893
894,Computers 894
895,Electronics 895
896,Computers 896
897,Health 897
898,Toys 898
899,Kids 899
900,Outdoors 900
901,Automotive 901
902,Toys 902
903,Health 903
904,Sports 904
905,Garden 905
906,Movies 906
907,Beauty 907
908,Beauty 908
909,Home 909
910,Movies 910
911,Grocery 911
912,Home 912
913,Tools 913
914,Garden 914
915,Home 915
916,Sports 916
917,Computers 917
918,Movies 918
919,Movies 919
920,Garden 920
921,Baby 921
922,Beauty 922
923,Baby 923
924,Electronics 924
925,Baby 925
926,Outdoors 926
927,Sports 927
928,Electronics 928
929,Movies 929
930,Electronics 930
931,Toys 931
932,Toys 932
933,Health 933
934,Home 934
935,Health 935
936,Clothing 936
937,Garden 937
938,Baby 938
939,Kids 939
940,Sports 940
941,Music 941
942,Tools 942
943,Kids 943
944,Sports 944
945,Music 945
946,Home 946
947,Books 947
948,Games 948
949,Electronics 949
950,Home 950
951,Computers 951
952,Music 952
953,Outdoors 953
954,Electronics 954
955,Movies 955
956,Garden 956
957,Toys 957
958,Outdoors 958
959,Garden 959
960,Automotive 960
961,Computers 961
962,Outdoors 962
963,Electronics 963
964,Toys 964
965,Industrial 965
966,Sports 966
967,Industrial 967
968,Garden 968
969,Toys 969
970,Home 970
971,Books 971
972,Baby 972
973,Baby 973
974,Games 974
975,Grocery 975
976,Beauty 976
977,Grocery 977
978,Outdoors 978
979,Games 979
980,Grocery 980
981,Baby 981
982,Beauty 982
983,Tools 983
984,Grocery 984
985,Toys 985
986,Beauty 986
987,Baby 987
988,Outdoors 988
989,Garden 989
990,Computers 990
991,Clothing 991
992,Kids 992
993,Shoes 993
994,Health 994
995,Sports 995
996,Kids 996
997,Computers 997
998,Outdoors 998
999,Grocery 999
1000,Garden 1000
1001,Toys 1001
1002,Jewelery 1002
1003,Computers 1003
1004,Kids 1004
1005,Shoes 1005
1006,Garden 1006
1007,Sports 1007
1008,Clothing 1008
1009,Garden 1009
1010,Grocery 1010
1011,Baby 1011
1012,Grocery 1012
1013,Automotive 1013
1014,Garden 1014
1015,Beauty 1015
1016,Automotive 1016
1017,Outdoors 1017
1018,Games 1018
1019,Music 1019
1020,Sports 1020
1021,Automotive 1021
1022,Outdoors 1022
1023,Kids 1023
1024,Automotive 1024
1025,Automotive 1025
1026,Shoes 1026
1027,Games 1027
1028,Grocery 1028
1029,Clothing 1029
1030,Games 1030
1031,Games 1031
1032,Toys 1032
1033,Clothing 1033
1034,Tools 1034
1035,Shoes 1035
1036,Games 1036
1037,Home 1037
1038,Outdoors 1038
1039,Automotive 1039
1040,Jewelery 1040
1041,Outdoors 1041
1042,Computers 1042
1043,Computers 1043
1044,Home 1044
1045,Health 1045
1046,Outdoors 1046
1047,Outdoors 1047
1048,Grocery 1048
1049,Baby 1049
1050,Beauty 1050
1051,Automotive 1051
1052,Industrial 1052
1053,Clothing 1053
1054,Tools 1054
1055,Toys 1055
1056,Electronics 1056
1057,Home 1057
1058,Industrial 1058
1059,Beauty 1059
1060,Books 1060
1061,Outdoors 1061
1062,Games 1062
1063,Outdoors 1063
1064,Computers 1064
1065,Health 1065
1066,Baby 1066
1067,Baby 1067
1068,Jewelery 1068
1069,Baby 1069
1070,Baby 1070
1071,Baby 1071
1072,Jewelery 1072
1073,Clothing 1073
1074,Clothing 1074
1075,Automotive 1075
1076,Sports 1076
1077,Tools 1077
1078,Tools 1078
1079,Garden 1079
1080,Shoes 1080
1081,Outdoors 1081
1082,Baby 1082
1083,Health 1083
1084,Books 1084
1085,Jewelery 1085
1086,Sports 1086
1087,Toys 1087
1088,Clothing 1088
1089,Toys 1089
